Neighborhood,zipcode
Central Harlem,10026
Central Harlem,10027
Central Harlem,10030
Central Harlem,10037
Central Harlem,10039
Chelsea/Clinton,10001
Chelsea/Clinton,10011
Chelsea/Clinton,10018
Chelsea/Clinton,10019
Chelsea/Clinton,10020
Chelsea/Clinton,10036
East Harlem,10029
East Harlem,10035
Gramercy/Murray,10010
Gramercy/Murray,10016
Gramercy/Murray,10017
Gramercy/Murray,10022
Greenwich/Soho ,10012
Greenwich/Soho ,10013
Greenwich/Soho ,10014
Lower Manhattan,10004
Lower Manhattan,10005
Lower Manhattan,10006
Lower Manhattan,10007
Lower Manhattan,10038
Lower Manhattan,10280
Lower Eastside ,10002
Lower Eastside ,10003
Lower Eastside ,10009
Upper Eastside,10021
Upper Eastside,10028
Upper Eastside,10044
Upper Eastside,10065
Upper Eastside,10075
Upper Eastside,10128
Upper Westside ,10023
Upper Westside ,10024
Upper Westside ,10025
Inwood/Washington Heights,10031
Inwood/Washington Heights,10032
Inwood/Washington Heights,10033
Inwood/Washington Heights,10034
Inwood/Washington Heights,10040
